source,sampler,seed,pre_2opt,post_2opt,fes,iterations,two_opt_evals,two_opt_moves,N,max_fes,instance,nn_best_start,ablation_split_random
current,C1,0,7798.0,7798.0,104260,334,1274,0,52,104000,berlin52,True,True
current,C1,1,7817.0,7817.0,104260,334,1274,0,52,104000,berlin52,True,True
current,C1,2,7644.0,7542.0,104260,334,2458,1,52,104000,berlin52,True,True
current,C1,3,7678.0,7678.0,104260,334,1274,0,52,104000,berlin52,True,True
current,C1,4,7711.0,7711.0,104260,334,1274,0,52,104000,berlin52,True,True
current,C1,5,7657.0,7657.0,104260,334,1274,0,52,104000,berlin52,True,True
current,C1,6,7711.0,7711.0,104260,334,1274,0,52,104000,berlin52,True,True
current,C1,7,7798.0,7798.0,104260,334,1274,0,52,104000,berlin52,True,True
current,C1,8,7804.0,7804.0,104260,334,1274,0,52,104000,berlin52,True,True
current,C1,9,7615.0,7542.0,104260,334,2142,2,52,104000,berlin52,True,True
current,C1,10,7721.0,7542.0,104260,334,4703,3,52,104000,berlin52,True,True
current,C1,11,7635.0,7627.0,104260,334,1421,1,52,104000,berlin52,True,True
current,C1,12,7805.0,7805.0,104260,334,1274,0,52,104000,berlin52,True,True
current,C1,13,7596.0,7596.0,104260,334,1274,0,52,104000,berlin52,True,True
current,C1,14,7596.0,7596.0,104260,334,1274,0,52,104000,berlin52,True,True
current,C1,15,7822.0,7809.0,104260,334,2421,2,52,104000,berlin52,True,True
current,C1,16,7662.0,7657.0,104260,334,2396,1,52,104000,berlin52,True,True
current,C1,17,7735.0,7711.0,104260,334,3656,2,52,104000,berlin52,True,True
current,C1,18,7851.0,7851.0,104260,334,1274,0,52,104000,berlin52,True,True
current,C1,19,7547.0,7542.0,104260,334,1559,1,52,104000,berlin52,True,True
current,C1,20,7751.0,7711.0,104260,334,3678,2,52,104000,berlin52,True,True
current,C1,21,7542.0,7542.0,104260,334,1274,0,52,104000,berlin52,True,True
current,C1,22,7860.0,7860.0,104260,334,1274,0,52,104000,berlin52,True,True
current,C1,23,7851.0,7851.0,104260,334,1274,0,52,104000,berlin52,True,True
current,C1,24,7720.0,7711.0,104260,334,2536,1,52,104000,berlin52,True,True
current,C1,25,7542.0,7542.0,104260,334,1274,0,52,104000,berlin52,True,True
current,C1,26,7711.0,7711.0,104260,334,1274,0,52,104000,berlin52,True,True
current,C1,27,7596.0,7596.0,104260,334,1274,0,52,104000,berlin52,True,True
current,C1,28,7596.0,7596.0,104260,334,1274,0,52,104000,berlin52,True,True
current,C1,29,7605.0,7542.0,104260,334,4752,3,52,104000,berlin52,True,True
current,C2,0,7884.0,7657.0,104260,334,6795,7,52,104000,berlin52,True,True
current,C2,1,7829.0,7657.0,104260,334,8489,6,52,104000,berlin52,True,True
current,C2,2,7719.0,7719.0,104260,334,1274,0,52,104000,berlin52,True,True
current,C2,3,7815.0,7719.0,104260,334,4844,3,52,104000,berlin52,True,True
current,C2,4,7619.0,7542.0,104260,334,4747,4,52,104000,berlin52,True,True
current,C2,5,7844.0,7792.0,104260,334,4892,4,52,104000,berlin52,True,True
current,C2,6,7818.0,7711.0,104260,334,2562,4,52,104000,berlin52,True,True
current,C2,7,7800.0,7711.0,104260,334,7222,5,52,104000,berlin52,True,True
current,C2,8,7800.0,7657.0,104260,334,5200,6,52,104000,berlin52,True,True
current,C2,9,7899.0,7678.0,104260,334,3919,6,52,104000,berlin52,True,True
current,C2,10,7746.0,7657.0,104260,334,5992,4,52,104000,berlin52,True,True
current,C2,11,7769.0,7657.0,104260,334,4820,3,52,104000,berlin52,True,True
current,C2,12,7863.0,7741.0,104260,334,4167,4,52,104000,berlin52,True,True
current,C2,13,7917.0,7804.0,104260,334,5681,6,52,104000,berlin52,True,True
current,C2,14,7852.0,7657.0,104260,334,8479,6,52,104000,berlin52,True,True
current,C2,15,7727.0,7542.0,104260,334,9674,7,52,104000,berlin52,True,True
current,C2,16,7835.0,7711.0,104260,334,6459,5,52,104000,berlin52,True,True
current,C2,17,7730.0,7657.0,104260,334,1652,2,52,104000,berlin52,True,True
current,C2,18,7892.0,7783.0,104260,334,5973,5,52,104000,berlin52,True,True
current,C2,19,7698.0,7596.0,104260,334,2105,2,52,104000,berlin52,True,True
current,C2,20,7878.0,7542.0,104260,334,3374,5,52,104000,berlin52,True,True
current,C2,21,7835.0,7719.0,104260,334,6339,5,52,104000,berlin52,True,True
current,C2,22,7832.0,7711.0,104260,334,6673,5,52,104000,berlin52,True,True
current,C2,23,7887.0,7815.0,104260,334,4264,5,52,104000,berlin52,True,True
current,C2,24,7844.0,7657.0,104260,334,1854,4,52,104000,berlin52,True,True
current,C2,25,7804.0,7657.0,104260,334,3205,7,52,104000,berlin52,True,True
current,C2,26,7753.0,7657.0,104260,334,6240,5,52,104000,berlin52,True,True
current,C2,27,7893.0,7851.0,104260,334,4202,3,52,104000,berlin52,True,True
current,C2,28,7970.0,7835.0,104260,334,4012,6,52,104000,berlin52,True,True
current,C2,29,7891.0,7657.0,104260,334,2979,6,52,104000,berlin52,True,True
current,C3,0,7706.0,7657.0,104260,334,1708,2,52,104000,berlin52,True,True
current,C3,1,7864.0,7816.0,104260,334,2728,2,52,104000,berlin52,True,True
current,C3,2,7928.0,7823.0,104260,334,5541,6,52,104000,berlin52,True,True
current,C3,3,7783.0,7669.0,104260,334,3957,4,52,104000,berlin52,True,True
current,C3,4,7819.0,7745.0,104260,334,3305,5,52,104000,berlin52,True,True
current,C3,5,7797.0,7711.0,104260,334,5227,4,52,104000,berlin52,True,True
current,C3,6,7844.0,7618.0,104260,334,4019,6,52,104000,berlin52,True,True
current,C3,7,7689.0,7657.0,104260,334,5285,4,52,104000,berlin52,True,True
current,C3,8,7861.0,7808.0,104260,334,5297,7,52,104000,berlin52,True,True
current,C3,9,7707.0,7542.0,104260,334,5552,5,52,104000,berlin52,True,True
current,C3,10,7824.0,7623.0,104260,334,3911,3,52,104000,berlin52,True,True
current,C3,11,7867.0,7711.0,104260,334,6565,6,52,104000,berlin52,True,True
current,C3,12,7727.0,7596.0,104260,334,2218,2,52,104000,berlin52,True,True
current,C3,13,7743.0,7711.0,104260,334,2595,2,52,104000,berlin52,True,True
current,C3,14,7789.0,7711.0,104260,334,6776,6,52,104000,berlin52,True,True
current,C3,15,7740.0,7596.0,104260,334,3770,4,52,104000,berlin52,True,True
current,C3,16,7743.0,7542.0,104260,334,6808,6,52,104000,berlin52,True,True
current,C3,17,7782.0,7711.0,104260,334,6272,5,52,104000,berlin52,True,True
current,C3,18,7725.0,7596.0,104260,334,6265,4,52,104000,berlin52,True,True
current,C3,19,7831.0,7826.0,104260,334,1561,2,52,104000,berlin52,True,True
current,C3,20,7681.0,7654.0,104260,334,5000,3,52,104000,berlin52,True,True
current,C3,21,7704.0,7542.0,104260,334,1572,3,52,104000,berlin52,True,True
current,C3,22,7838.0,7738.0,104260,334,7053,6,52,104000,berlin52,True,True
current,C3,23,7776.0,7542.0,104260,334,8169,10,52,104000,berlin52,True,True
current,C3,24,7854.0,7826.0,104260,334,2700,3,52,104000,berlin52,True,True
current,C3,25,7685.0,7542.0,104260,334,3072,3,52,104000,berlin52,True,True
current,C3,26,7722.0,7542.0,104260,334,6615,8,52,104000,berlin52,True,True
current,C3,27,7657.0,7542.0,104260,334,5556,5,52,104000,berlin52,True,True
current,C3,28,7806.0,7719.0,104260,334,5635,7,52,104000,berlin52,True,True
current,C3,29,7707.0,7542.0,104260,334,4557,8,52,104000,berlin52,True,True
current,C4,0,7596.0,7596.0,104260,334,1274,0,52,104000,berlin52,True,True
current,C4,1,7596.0,7596.0,104260,334,1274,0,52,104000,berlin52,True,True
current,C4,2,7596.0,7596.0,104260,334,1274,0,52,104000,berlin52,True,True
current,C4,3,7596.0,7596.0,104260,334,1274,0,52,104000,berlin52,True,True
current,C4,4,7596.0,7596.0,104260,334,1274,0,52,104000,berlin52,True,True
current,C4,5,7596.0,7596.0,104260,334,1274,0,52,104000,berlin52,True,True
current,C4,6,7596.0,7596.0,104260,334,1274,0,52,104000,berlin52,True,True
current,C4,7,7596.0,7596.0,104260,334,1274,0,52,104000,berlin52,True,True
current,C4,8,7596.0,7596.0,104260,334,1274,0,52,104000,berlin52,True,True
current,C4,9,7596.0,7596.0,104260,334,1274,0,52,104000,berlin52,True,True
current,C4,10,7596.0,7596.0,104260,334,1274,0,52,104000,berlin52,True,True
current,C4,11,7596.0,7596.0,104260,334,1274,0,52,104000,berlin52,True,True
current,C4,12,7785.0,7732.0,104260,334,2495,1,52,104000,berlin52,True,True
current,C4,13,7596.0,7596.0,104260,334,1274,0,52,104000,berlin52,True,True
current,C4,14,7596.0,7596.0,104260,334,1274,0,52,104000,berlin52,True,True
current,C4,15,7596.0,7596.0,104260,334,1274,0,52,104000,berlin52,True,True
current,C4,16,7596.0,7596.0,104260,334,1274,0,52,104000,berlin52,True,True
current,C4,17,7596.0,7596.0,104260,334,1274,0,52,104000,berlin52,True,True
current,C4,18,7542.0,7542.0,104260,334,1274,0,52,104000,berlin52,True,True
current,C4,19,7596.0,7596.0,104260,334,1274,0,52,104000,berlin52,True,True
current,C4,20,7596.0,7596.0,104260,334,1274,0,52,104000,berlin52,True,True
current,C4,21,7596.0,7596.0,104260,334,1274,0,52,104000,berlin52,True,True
current,C4,22,7815.0,7786.0,104260,334,2360,1,52,104000,berlin52,True,True
current,C4,23,7596.0,7596.0,104260,334,1274,0,52,104000,berlin52,True,True
current,C4,24,7596.0,7596.0,104260,334,1274,0,52,104000,berlin52,True,True
current,C4,25,7596.0,7596.0,104260,334,1274,0,52,104000,berlin52,True,True
current,C4,26,7620.0,7596.0,104260,334,3809,2,52,104000,berlin52,True,True
current,C4,27,7596.0,7596.0,104260,334,1274,0,52,104000,berlin52,True,True
current,C4,28,7800.0,7760.0,104260,334,2061,2,52,104000,berlin52,True,True
current,C4,29,7596.0,7596.0,104260,334,1274,0,52,104000,berlin52,True,True
random,C1,0,7801.0,7801.0,104260,334,1274,0,52,104000,berlin52,True,True
random,C1,1,7596.0,7596.0,104260,334,1274,0,52,104000,berlin52,True,True
random,C1,2,7804.0,7804.0,104260,334,1274,0,52,104000,berlin52,True,True
random,C1,3,7596.0,7596.0,104260,334,1274,0,52,104000,berlin52,True,True
random,C1,4,7547.0,7542.0,104260,334,2504,1,52,104000,berlin52,True,True
random,C1,5,7720.0,7711.0,104260,334,2523,1,52,104000,berlin52,True,True
random,C1,6,7542.0,7542.0,104260,334,1274,0,52,104000,berlin52,True,True
random,C1,7,7782.0,7782.0,104260,334,1274,0,52,104000,berlin52,True,True
random,C1,8,7846.0,7846.0,104260,334,1274,0,52,104000,berlin52,True,True
random,C1,9,7867.0,7854.0,104260,334,2345,2,52,104000,berlin52,True,True
random,C1,10,7824.0,7801.0,104260,334,1646,1,52,104000,berlin52,True,True
random,C1,11,7542.0,7542.0,104260,334,1274,0,52,104000,berlin52,True,True
random,C1,12,7662.0,7657.0,104260,334,2513,1,52,104000,berlin52,True,True
random,C1,13,7804.0,7804.0,104260,334,1274,0,52,104000,berlin52,True,True
random,C1,14,7542.0,7542.0,104260,334,1274,0,52,104000,berlin52,True,True
random,C1,15,7711.0,7711.0,104260,334,1274,0,52,104000,berlin52,True,True
random,C1,16,7596.0,7596.0,104260,334,1274,0,52,104000,berlin52,True,True
random,C1,17,7815.0,7815.0,104260,334,1274,0,52,104000,berlin52,True,True
random,C1,18,7542.0,7542.0,104260,334,1274,0,52,104000,berlin52,True,True
random,C1,19,7732.0,7732.0,104260,334,1274,0,52,104000,berlin52,True,True
random,C1,20,7711.0,7711.0,104260,334,1274,0,52,104000,berlin52,True,True
random,C1,21,7542.0,7542.0,104260,334,1274,0,52,104000,berlin52,True,True
random,C1,22,7657.0,7657.0,104260,334,1274,0,52,104000,berlin52,True,True
random,C1,23,7604.0,7604.0,104260,334,1274,0,52,104000,berlin52,True,True
random,C1,24,7749.0,7732.0,104260,334,1954,1,52,104000,berlin52,True,True
random,C1,25,7542.0,7542.0,104260,334,1274,0,52,104000,berlin52,True,True
random,C1,26,7853.0,7853.0,104260,334,1274,0,52,104000,berlin52,True,True
random,C1,27,7861.0,7849.0,104260,334,1469,1,52,104000,berlin52,True,True
random,C1,28,7711.0,7711.0,104260,334,1274,0,52,104000,berlin52,True,True
random,C1,29,7627.0,7596.0,104260,334,1688,1,52,104000,berlin52,True,True
random,C2,0,7792.0,7711.0,104260,334,7034,7,52,104000,berlin52,True,True
random,C2,1,7779.0,7719.0,104260,334,3872,4,52,104000,berlin52,True,True
random,C2,2,7869.0,7851.0,104260,334,1848,2,52,104000,berlin52,True,True
random,C2,3,7755.0,7719.0,104260,334,3788,2,52,104000,berlin52,True,True
random,C2,4,7779.0,7711.0,104260,334,5706,4,52,104000,berlin52,True,True
random,C2,5,7844.0,7604.0,104260,334,4936,4,52,104000,berlin52,True,True
random,C2,6,7656.0,7604.0,104260,334,2528,1,52,104000,berlin52,True,True
random,C2,7,7753.0,7542.0,104260,334,8485,7,52,104000,berlin52,True,True
random,C2,8,7766.0,7657.0,104260,334,3017,3,52,104000,berlin52,True,True
random,C2,9,7717.0,7657.0,104260,334,5653,4,52,104000,berlin52,True,True
random,C2,10,7692.0,7542.0,104260,334,5877,7,52,104000,berlin52,True,True
random,C2,11,7683.0,7604.0,104260,334,1907,4,52,104000,berlin52,True,True
random,C2,12,7801.0,7711.0,104260,334,7276,6,52,104000,berlin52,True,True
random,C2,13,7854.0,7798.0,104260,334,5329,4,52,104000,berlin52,True,True
random,C2,14,7829.0,7742.0,104260,334,5957,4,52,104000,berlin52,True,True
random,C2,15,7900.0,7542.0,104260,334,6998,11,52,104000,berlin52,True,True
random,C2,16,7855.0,7798.0,104260,334,2325,4,52,104000,berlin52,True,True
random,C2,17,7737.0,7542.0,104260,334,2197,3,52,104000,berlin52,True,True
random,C2,18,7689.0,7542.0,104260,334,6151,7,52,104000,berlin52,True,True
random,C2,19,7736.0,7657.0,104260,334,4581,3,52,104000,berlin52,True,True
random,C2,20,7752.0,7657.0,104260,334,5774,6,52,104000,berlin52,True,True
random,C2,21,7761.0,7542.0,104260,334,7300,6,52,104000,berlin52,True,True
random,C2,22,7825.0,7719.0,104260,334,5066,5,52,104000,berlin52,True,True
random,C2,23,7782.0,7596.0,104260,334,6831,5,52,104000,berlin52,True,True
random,C2,24,7800.0,7742.0,104260,334,3134,4,52,104000,berlin52,True,True
random,C2,25,7718.0,7542.0,104260,334,5218,5,52,104000,berlin52,True,True
random,C2,26,7743.0,7542.0,104260,334,13357,11,52,104000,berlin52,True,True
random,C2,27,7740.0,7542.0,104260,334,4922,4,52,104000,berlin52,True,True
random,C2,28,7786.0,7732.0,104260,334,3332,2,52,104000,berlin52,True,True
random,C2,29,7741.0,7657.0,104260,334,4062,5,52,104000,berlin52,True,True
random,C3,0,7713.0,7542.0,104260,334,3074,3,52,104000,berlin52,True,True
random,C3,1,7819.0,7738.0,104260,334,4076,5,52,104000,berlin52,True,True
random,C3,2,7685.0,7654.0,104260,334,2522,2,52,104000,berlin52,True,True
random,C3,3,7851.0,7815.0,104260,334,1963,2,52,104000,berlin52,True,True
random,C3,4,7678.0,7596.0,104260,334,2528,2,52,104000,berlin52,True,True
random,C3,5,7766.0,7669.0,104260,334,3323,3,52,104000,berlin52,True,True
random,C3,6,7717.0,7542.0,104260,334,3270,6,52,104000,berlin52,True,True
random,C3,7,7771.0,7711.0,104260,334,7994,6,52,104000,berlin52,True,True
random,C3,8,7706.0,7542.0,104260,334,6514,5,52,104000,berlin52,True,True
random,C3,9,7855.0,7596.0,104260,334,10187,8,52,104000,berlin52,True,True
random,C3,10,7664.0,7542.0,104260,334,6643,5,52,104000,berlin52,True,True
random,C3,11,7700.0,7542.0,104260,334,8810,10,52,104000,berlin52,True,True
random,C3,12,7685.0,7542.0,104260,334,3063,6,52,104000,berlin52,True,True
random,C3,13,7885.0,7745.0,104260,334,6480,5,52,104000,berlin52,True,True
random,C3,14,7847.0,7794.0,104260,334,1918,3,52,104000,berlin52,True,True
random,C3,15,7747.0,7657.0,104260,334,5130,4,52,104000,berlin52,True,True
random,C3,16,7816.0,7738.0,104260,334,6650,6,52,104000,berlin52,True,True
random,C3,17,7650.0,7542.0,104260,334,3634,3,52,104000,berlin52,True,True
random,C3,18,7792.0,7719.0,104260,334,6700,6,52,104000,berlin52,True,True
random,C3,19,7696.0,7542.0,104260,334,6085,7,52,104000,berlin52,True,True
random,C3,20,7704.0,7618.0,104260,334,6241,6,52,104000,berlin52,True,True
random,C3,21,7843.0,7738.0,104260,334,3814,5,52,104000,berlin52,True,True
random,C3,22,7777.0,7657.0,104260,334,5421,5,52,104000,berlin52,True,True
random,C3,23,7813.0,7812.0,104260,334,1372,1,52,104000,berlin52,True,True
random,C3,24,7789.0,7542.0,104260,334,5936,6,52,104000,berlin52,True,True
random,C3,25,7754.0,7745.0,104260,334,2545,1,52,104000,berlin52,True,True
random,C3,26,7649.0,7596.0,104260,334,1469,1,52,104000,berlin52,True,True
random,C3,27,7740.0,7623.0,104260,334,4450,4,52,104000,berlin52,True,True
random,C3,28,7663.0,7657.0,104260,334,2369,2,52,104000,berlin52,True,True
random,C3,29,7734.0,7618.0,104260,334,5707,7,52,104000,berlin52,True,True
random,C4,0,7596.0,7596.0,104260,334,1274,0,52,104000,berlin52,True,True
random,C4,1,7786.0,7786.0,104260,334,1274,0,52,104000,berlin52,True,True
random,C4,2,7596.0,7596.0,104260,334,1274,0,52,104000,berlin52,True,True
random,C4,3,7596.0,7596.0,104260,334,1274,0,52,104000,berlin52,True,True
random,C4,4,7596.0,7596.0,104260,334,1274,0,52,104000,berlin52,True,True
random,C4,5,7596.0,7596.0,104260,334,1274,0,52,104000,berlin52,True,True
random,C4,6,7596.0,7596.0,104260,334,1274,0,52,104000,berlin52,True,True
random,C4,7,7596.0,7596.0,104260,334,1274,0,52,104000,berlin52,True,True
random,C4,8,7596.0,7596.0,104260,334,1274,0,52,104000,berlin52,True,True
random,C4,9,7596.0,7596.0,104260,334,1274,0,52,104000,berlin52,True,True
random,C4,10,7785.0,7732.0,104260,334,2522,1,52,104000,berlin52,True,True
random,C4,11,7785.0,7732.0,104260,334,2495,1,52,104000,berlin52,True,True
random,C4,12,7596.0,7596.0,104260,334,1274,0,52,104000,berlin52,True,True
random,C4,13,7596.0,7596.0,104260,334,1274,0,52,104000,berlin52,True,True
random,C4,14,7596.0,7596.0,104260,334,1274,0,52,104000,berlin52,True,True
random,C4,15,7596.0,7596.0,104260,334,1274,0,52,104000,berlin52,True,True
random,C4,16,7596.0,7596.0,104260,334,1274,0,52,104000,berlin52,True,True
random,C4,17,7596.0,7596.0,104260,334,1274,0,52,104000,berlin52,True,True
random,C4,18,7596.0,7596.0,104260,334,1274,0,52,104000,berlin52,True,True
random,C4,19,7596.0,7596.0,104260,334,1274,0,52,104000,berlin52,True,True
random,C4,20,7596.0,7596.0,104260,334,1274,0,52,104000,berlin52,True,True
random,C4,21,7596.0,7596.0,104260,334,1274,0,52,104000,berlin52,True,True
random,C4,22,7596.0,7596.0,104260,334,1274,0,52,104000,berlin52,True,True
random,C4,23,7596.0,7596.0,104260,334,1274,0,52,104000,berlin52,True,True
random,C4,24,7845.0,7792.0,104260,334,4783,3,52,104000,berlin52,True,True
random,C4,25,7596.0,7596.0,104260,334,1274,0,52,104000,berlin52,True,True
random,C4,26,7596.0,7596.0,104260,334,1274,0,52,104000,berlin52,True,True
random,C4,27,7596.0,7596.0,104260,334,1274,0,52,104000,berlin52,True,True
random,C4,28,7596.0,7596.0,104260,334,1274,0,52,104000,berlin52,True,True
random,C4,29,7596.0,7596.0,104260,334,1274,0,52,104000,berlin52,True,True
best,C1,0,7846.0,7846.0,104260,334,1274,0,52,104000,berlin52,True,True
best,C1,1,7826.0,7826.0,104260,334,1274,0,52,104000,berlin52,True,True
best,C1,2,7674.0,7542.0,104260,334,1559,1,52,104000,berlin52,True,True
best,C1,3,7615.0,7542.0,104260,334,3714,2,52,104000,berlin52,True,True
best,C1,4,7745.0,7745.0,104260,334,1274,0,52,104000,berlin52,True,True
best,C1,5,7711.0,7711.0,104260,334,1274,0,52,104000,berlin52,True,True
best,C1,6,7678.0,7678.0,104260,334,1274,0,52,104000,berlin52,True,True
best,C1,7,7837.0,7837.0,104260,334,1274,0,52,104000,berlin52,True,True
best,C1,8,7596.0,7596.0,104260,334,1274,0,52,104000,berlin52,True,True
best,C1,9,7863.0,7863.0,104260,334,1274,0,52,104000,berlin52,True,True
best,C1,10,7657.0,7657.0,104260,334,1274,0,52,104000,berlin52,True,True
best,C1,11,7596.0,7596.0,104260,334,1274,0,52,104000,berlin52,True,True
best,C1,12,7732.0,7732.0,104260,334,1274,0,52,104000,berlin52,True,True
best,C1,13,7547.0,7542.0,104260,334,2471,1,52,104000,berlin52,True,True
best,C1,14,7615.0,7542.0,104260,334,3752,2,52,104000,berlin52,True,True
best,C1,15,7596.0,7596.0,104260,334,1274,0,52,104000,berlin52,True,True
best,C1,16,7893.0,7596.0,104260,334,3534,7,52,104000,berlin52,True,True
best,C1,17,7732.0,7732.0,104260,334,1274,0,52,104000,berlin52,True,True
best,C1,18,7732.0,7732.0,104260,334,1274,0,52,104000,berlin52,True,True
best,C1,19,7596.0,7596.0,104260,334,1274,0,52,104000,berlin52,True,True
best,C1,20,7851.0,7851.0,104260,334,1274,0,52,104000,berlin52,True,True
best,C1,21,7657.0,7657.0,104260,334,1274,0,52,104000,berlin52,True,True
best,C1,22,7898.0,7898.0,104260,334,1274,0,52,104000,berlin52,True,True
best,C1,23,7837.0,7837.0,104260,334,1274,0,52,104000,berlin52,True,True
best,C1,24,7901.0,7901.0,104260,334,1274,0,52,104000,berlin52,True,True
best,C1,25,7581.0,7542.0,104260,334,1976,2,52,104000,berlin52,True,True
best,C1,26,7596.0,7596.0,104260,334,1274,0,52,104000,berlin52,True,True
best,C1,27,7566.0,7542.0,104260,334,3629,2,52,104000,berlin52,True,True
best,C1,28,7596.0,7596.0,104260,334,1274,0,52,104000,berlin52,True,True
best,C1,29,7596.0,7596.0,104260,334,1274,0,52,104000,berlin52,True,True
best,C2,0,7720.0,7711.0,104260,334,1326,1,52,104000,berlin52,True,True
best,C2,1,7741.0,7741.0,104260,334,1274,0,52,104000,berlin52,True,True
best,C2,2,7842.0,7842.0,104260,334,1274,0,52,104000,berlin52,True,True
best,C2,3,7635.0,7627.0,104260,334,1559,1,52,104000,berlin52,True,True
best,C2,4,7751.0,7657.0,104260,334,6182,4,52,104000,berlin52,True,True
best,C2,5,7723.0,7723.0,104260,334,1274,0,52,104000,berlin52,True,True
best,C2,6,7801.0,7657.0,104260,334,7130,5,52,104000,berlin52,True,True
best,C2,7,7904.0,7904.0,104260,334,1274,0,52,104000,berlin52,True,True
best,C2,8,7837.0,7837.0,104260,334,1274,0,52,104000,berlin52,True,True
best,C2,9,7831.0,7824.0,104260,334,1561,1,52,104000,berlin52,True,True
best,C2,10,7818.0,7818.0,104260,334,1274,0,52,104000,berlin52,True,True
best,C2,11,7596.0,7596.0,104260,334,1274,0,52,104000,berlin52,True,True
best,C2,12,7846.0,7846.0,104260,334,1274,0,52,104000,berlin52,True,True
best,C2,13,7547.0,7542.0,104260,334,2429,1,52,104000,berlin52,True,True
best,C2,14,7542.0,7542.0,104260,334,1274,0,52,104000,berlin52,True,True
best,C2,15,7657.0,7657.0,104260,334,1274,0,52,104000,berlin52,True,True
best,C2,16,7817.0,7817.0,104260,334,1274,0,52,104000,berlin52,True,True
best,C2,17,7618.0,7618.0,104260,334,1274,0,52,104000,berlin52,True,True
best,C2,18,7741.0,7711.0,104260,334,1954,1,52,104000,berlin52,True,True
best,C2,19,7694.0,7657.0,104260,334,1372,3,52,104000,berlin52,True,True
best,C2,20,7678.0,7678.0,104260,334,1274,0,52,104000,berlin52,True,True
best,C2,21,7801.0,7801.0,104260,334,1274,0,52,104000,berlin52,True,True
best,C2,22,7753.0,7753.0,104260,334,1274,0,52,104000,berlin52,True,True
best,C2,23,7804.0,7804.0,104260,334,1274,0,52,104000,berlin52,True,True
best,C2,24,7657.0,7657.0,104260,334,1274,0,52,104000,berlin52,True,True
best,C2,25,7542.0,7542.0,104260,334,1274,0,52,104000,berlin52,True,True
best,C2,26,7542.0,7542.0,104260,334,1274,0,52,104000,berlin52,True,True
best,C2,27,7846.0,7846.0,104260,334,1274,0,52,104000,berlin52,True,True
best,C2,28,7542.0,7542.0,104260,334,1274,0,52,104000,berlin52,True,True
best,C2,29,7720.0,7711.0,104260,334,1516,1,52,104000,berlin52,True,True
best,C3,0,7596.0,7596.0,104260,334,1274,0,52,104000,berlin52,True,True
best,C3,1,7732.0,7732.0,104260,334,1274,0,52,104000,berlin52,True,True
best,C3,2,7542.0,7542.0,104260,334,1274,0,52,104000,berlin52,True,True
best,C3,3,7604.0,7604.0,104260,334,1274,0,52,104000,berlin52,True,True
best,C3,4,7623.0,7623.0,104260,334,1274,0,52,104000,berlin52,True,True
best,C3,5,7720.0,7720.0,104260,334,1274,0,52,104000,berlin52,True,True
best,C3,6,7726.0,7726.0,104260,334,1274,0,52,104000,berlin52,True,True
best,C3,7,7542.0,7542.0,104260,334,1274,0,52,104000,berlin52,True,True
best,C3,8,7699.0,7699.0,104260,334,1274,0,52,104000,berlin52,True,True
best,C3,9,7596.0,7596.0,104260,334,1274,0,52,104000,berlin52,True,True
best,C3,10,7711.0,7711.0,104260,334,1274,0,52,104000,berlin52,True,True
best,C3,11,7792.0,7792.0,104260,334,1274,0,52,104000,berlin52,True,True
best,C3,12,7896.0,7896.0,104260,334,1274,0,52,104000,berlin52,True,True
best,C3,13,7673.0,7596.0,104260,334,3753,2,52,104000,berlin52,True,True
best,C3,14,7596.0,7596.0,104260,334,1274,0,52,104000,berlin52,True,True
best,C3,15,7775.0,7775.0,104260,334,1274,0,52,104000,berlin52,True,True
best,C3,16,7812.0,7708.0,104260,334,4710,6,52,104000,berlin52,True,True
best,C3,17,7723.0,7723.0,104260,334,1274,0,52,104000,berlin52,True,True
best,C3,18,7596.0,7596.0,104260,334,1274,0,52,104000,berlin52,True,True
best,C3,19,7604.0,7604.0,104260,334,1274,0,52,104000,berlin52,True,True
best,C3,20,7542.0,7542.0,104260,334,1274,0,52,104000,berlin52,True,True
best,C3,21,7713.0,7596.0,104260,334,5013,3,52,104000,berlin52,True,True
best,C3,22,7929.0,7896.0,104260,334,1436,2,52,104000,berlin52,True,True
best,C3,23,7542.0,7542.0,104260,334,1274,0,52,104000,berlin52,True,True
best,C3,24,7678.0,7678.0,104260,334,1274,0,52,104000,berlin52,True,True
best,C3,25,7542.0,7542.0,104260,334,1274,0,52,104000,berlin52,True,True
best,C3,26,7596.0,7596.0,104260,334,1274,0,52,104000,berlin52,True,True
best,C3,27,7542.0,7542.0,104260,334,1274,0,52,104000,berlin52,True,True
best,C3,28,7657.0,7657.0,104260,334,1274,0,52,104000,berlin52,True,True
best,C3,29,7596.0,7596.0,104260,334,1274,0,52,104000,berlin52,True,True
best,C4,0,7596.0,7596.0,104260,334,1274,0,52,104000,berlin52,True,True
best,C4,1,7596.0,7596.0,104260,334,1274,0,52,104000,berlin52,True,True
best,C4,2,7596.0,7596.0,104260,334,1274,0,52,104000,berlin52,True,True
best,C4,3,7596.0,7596.0,104260,334,1274,0,52,104000,berlin52,True,True
best,C4,4,7596.0,7596.0,104260,334,1274,0,52,104000,berlin52,True,True
best,C4,5,7785.0,7732.0,104260,334,2547,1,52,104000,berlin52,True,True
best,C4,6,7815.0,7786.0,104260,334,2085,1,52,104000,berlin52,True,True
best,C4,7,7596.0,7596.0,104260,334,1274,0,52,104000,berlin52,True,True
best,C4,8,7596.0,7596.0,104260,334,1274,0,52,104000,berlin52,True,True
best,C4,9,7596.0,7596.0,104260,334,1274,0,52,104000,berlin52,True,True
best,C4,10,7596.0,7596.0,104260,334,1274,0,52,104000,berlin52,True,True
best,C4,11,7596.0,7596.0,104260,334,1274,0,52,104000,berlin52,True,True
best,C4,12,7815.0,7786.0,104260,334,2360,1,52,104000,berlin52,True,True
best,C4,13,7596.0,7596.0,104260,334,1274,0,52,104000,berlin52,True,True
best,C4,14,7596.0,7596.0,104260,334,1274,0,52,104000,berlin52,True,True
best,C4,15,7815.0,7786.0,104260,334,2360,1,52,104000,berlin52,True,True
best,C4,16,7815.0,7786.0,104260,334,2360,1,52,104000,berlin52,True,True
best,C4,17,7815.0,7786.0,104260,334,2360,1,52,104000,berlin52,True,True
best,C4,18,7815.0,7786.0,104260,334,2360,1,52,104000,berlin52,True,True
best,C4,19,7596.0,7596.0,104260,334,1274,0,52,104000,berlin52,True,True
best,C4,20,7815.0,7786.0,104260,334,2022,1,52,104000,berlin52,True,True
best,C4,21,7815.0,7786.0,104260,334,1955,1,52,104000,berlin52,True,True
best,C4,22,7596.0,7596.0,104260,334,1274,0,52,104000,berlin52,True,True
best,C4,23,8009.0,7896.0,104260,334,3602,2,52,104000,berlin52,True,True
best,C4,24,7596.0,7596.0,104260,334,1274,0,52,104000,berlin52,True,True
best,C4,25,7815.0,7786.0,104260,334,1955,1,52,104000,berlin52,True,True
best,C4,26,7596.0,7596.0,104260,334,1274,0,52,104000,berlin52,True,True
best,C4,27,7815.0,7786.0,104260,334,1469,1,52,104000,berlin52,True,True
best,C4,28,7596.0,7596.0,104260,334,1274,0,52,104000,berlin52,True,True
best,C4,29,7596.0,7596.0,104260,334,1274,0,52,104000,berlin52,True,True
