instance,seed,jobs,cmax,fes_used,iters,N,D,wall_seconds,evals_per_second
ta01,0,1,1457,225304,574,40,225,1.214,185538.8
ta01,1,1,1474,225257,575,40,225,1.204,187019.9
ta01,2,1,1643,225194,575,40,225,1.227,183545.0
ta02,0,1,1388,225304,574,40,225,1.21,186276.9
ta02,1,1,1447,225257,575,40,225,1.207,186645.7
ta02,2,1,1503,225194,575,40,225,1.267,177738.5
ta03,0,1,1436,225304,574,40,225,1.188,189720.1
ta03,1,1,1466,225257,575,40,225,1.184,190284.2
ta03,2,1,1414,225194,575,40,225,1.233,182635.8
ta04,0,1,1458,225304,574,40,225,1.25,180239.6
ta04,1,1,1430,225257,575,40,225,1.222,184382.8
ta04,2,1,1352,225194,575,40,225,1.182,190570.8
ta05,0,1,1539,225304,574,40,225,1.157,194757.0
ta05,1,1,1424,225257,575,40,225,1.268,177595.6
ta05,2,1,1351,225194,575,40,225,1.189,189335.1
ta11,0,1,1715,300312,765,40,300,2.113,142149.4
ta11,1,1,1724,300067,765,40,300,2.161,138835.0
ta11,2,1,1647,300150,764,40,300,2.044,146844.8
ta12,0,1,1677,300312,765,40,300,2.074,144821.2
ta12,1,1,1671,300067,765,40,300,2.097,143064.5
ta12,2,1,1582,300150,764,40,300,2.081,144235.8
ta13,0,1,1641,300312,765,40,300,2.112,142220.5
ta13,1,1,1754,300067,765,40,300,2.016,148863.4
ta13,2,1,1612,300150,764,40,300,2.061,145660.9
ta14,0,1,1761,300312,765,40,300,2.153,139485.2
ta14,1,1,1501,300067,765,40,300,2.131,140827.1
ta14,2,1,1610,300150,764,40,300,2.091,143529.6
ta15,0,1,1702,300312,765,40,300,2.117,141867.6
ta15,1,1,1572,300067,765,40,300,2.076,144508.8
ta15,2,1,1646,300150,764,40,300,2.038,147263.9
ta21,0,1,1969,400184,1022,40,400,4.099,97626.1
ta21,1,1,1936,400028,1019,40,400,4.136,96726.0
ta21,2,1,1941,400384,1020,40,400,4.002,100049.9
ta22,0,1,1965,400184,1022,40,400,4.077,98147.5
ta22,1,1,1989,400028,1019,40,400,4.105,97456.6
ta22,2,1,2037,400384,1020,40,400,4.107,97485.3
ta23,0,1,2098,400184,1022,40,400,4.172,95922.6
ta23,1,1,1915,400028,1019,40,400,4.179,95734.5
ta23,2,1,1974,400384,1020,40,400,4.227,94711.4
ta24,0,1,1876,400184,1022,40,400,4.088,97893.3
ta24,1,1,1950,400028,1019,40,400,4.098,97625.4
ta24,2,1,1987,400384,1020,40,400,3.978,100660.6
ta25,0,1,1907,400184,1022,40,400,4.068,98384.4
ta25,1,1,2002,400028,1019,40,400,4.178,95739.7
ta25,2,1,1913,400384,1020,40,400,3.958,101154.4
ta31,0,1,2174,450031,1145,40,450,5.236,85954.3
ta31,1,1,2042,450254,1147,40,450,5.341,84303.3
ta31,2,1,2049,450081,1150,40,450,4.954,90845.5
ta32,0,1,2220,450031,1145,40,450,5.08,88590.7
ta32,1,1,2196,450254,1147,40,450,5.396,83439.3
ta32,2,1,2245,450081,1150,40,450,5.044,89231.5
ta33,0,1,2296,450031,1145,40,450,5.364,83896.7
ta33,1,1,2345,450254,1147,40,450,5.266,85503.0
ta33,2,1,2224,450081,1150,40,450,5.308,84794.9
ta34,0,1,2136,450031,1145,40,450,5.228,86072.7
ta34,1,1,2261,450254,1147,40,450,5.104,88212.2
ta34,2,1,2229,450081,1150,40,450,5.153,87347.6
ta35,0,1,2380,450031,1145,40,450,5.167,87090.7
ta35,1,1,2437,450254,1147,40,450,5.378,83716.5
ta35,2,1,2314,450081,1150,40,450,5.028,89520.9
ta41,0,1,2505,600162,1529,40,600,9.22,65093.3
ta41,1,1,2467,600342,1537,40,600,9.835,61041.2
ta41,2,1,2663,600213,1534,40,600,9.775,61401.1
ta42,0,1,2448,600162,1529,40,600,9.836,61016.3
ta42,1,1,2670,600342,1537,40,600,9.81,61197.1
ta42,2,1,2511,600213,1534,40,600,9.54,62917.4
ta43,0,1,2328,600162,1529,40,600,9.828,61069.3
ta43,1,1,2322,600342,1537,40,600,9.614,62443.5
ta43,2,1,2369,600213,1534,40,600,9.598,62535.4
ta44,0,1,2686,600162,1529,40,600,8.987,66782.6
ta44,1,1,2660,600342,1537,40,600,9.613,62453.7
ta44,2,1,2529,600213,1534,40,600,9.507,63135.8
ta45,0,1,2439,600162,1529,40,600,9.365,64082.6
ta45,1,1,2624,600342,1537,40,600,9.702,61875.9
ta45,2,1,2523,600213,1534,40,600,9.471,63376.0
ta51,0,1,3467,750211,1915,40,750,16.934,44300.9
ta51,1,1,3272,750237,1913,40,750,18.099,41450.8
ta51,2,1,3374,750057,1913,40,750,16.885,44421.6
ta52,0,1,3433,750211,1915,40,750,17.196,43625.9
ta52,1,1,3391,750237,1913,40,750,18.078,41498.9
ta52,2,1,3292,750057,1913,40,750,17.172,43677.9
ta53,0,1,3051,750211,1915,40,750,18.287,41024.4
ta53,1,1,3167,750237,1913,40,750,17.267,43448.9
ta53,2,1,3036,750057,1913,40,750,18.187,41241.7
ta63,0,1,3323,1000212,2558,40,1000,33.577,29788.4
ta63,1,1,3308,1000065,2551,40,1000,34.788,28747.8
ta63,2,1,3276,1000334,2551,40,1000,35.609,28092.1
ta64,0,1,3246,1000212,2558,40,1000,35.408,28247.9
ta64,1,1,3331,1000065,2551,40,1000,35.65,28052.2
ta64,2,1,3223,1000334,2551,40,1000,33.473,29884.4
ta65,0,1,3369,1000212,2558,40,1000,35.542,28142.1
ta65,1,1,3257,1000065,2551,40,1000,35.754,27970.5
ta65,2,1,3403,1000334,2551,40,1000,35.098,28500.8
ta71,0,1,6633,2000129,5105,40,2000,196.883,10159.0
ta71,1,1,6427,2000122,5103,40,2000,193.296,10347.5
ta71,2,1,6288,2000114,5103,40,2000,195.717,10219.4
ta72,0,1,6009,2000129,5105,40,2000,178.405,11211.2
ta72,1,1,6110,2000122,5103,40,2000,192.75,10376.7
ta72,2,1,6009,2000114,5103,40,2000,193.494,10336.8
ta73,0,1,6554,2000129,5105,40,2000,193.204,10352.4
ta73,1,1,6597,2000122,5103,40,2000,193.364,10343.8
ta73,2,1,6674,2000114,5103,40,2000,180.024,11110.3
ta74,0,1,5991,2000129,5105,40,2000,193.236,10350.7
ta74,1,1,5977,2000122,5103,40,2000,193.307,10346.9
ta74,2,1,5831,2000114,5103,40,2000,194.188,10299.9
ta75,0,1,6260,2000129,5105,40,2000,194.654,10275.3
ta75,1,1,6193,2000122,5103,40,2000,194.739,10270.8
ta75,2,1,6126,2000114,5103,40,2000,191.89,10423.2
ta54,0,1,3205,750211,1915,40,750,17.389,43142.8
ta54,1,1,3110,750237,1913,40,750,17.05,44002.1
ta54,2,1,3201,750057,1913,40,750,17.981,41715.0
ta55,0,1,3240,750211,1915,40,750,17.69,42407.8
ta55,1,1,3180,750237,1913,40,750,17.926,41852.2
ta55,2,1,3188,750057,1913,40,750,16.481,45509.1
ta61,0,1,3396,1000212,2558,40,1000,32.941,30363.3
ta61,1,1,3529,1000065,2551,40,1000,35.482,28185.3
ta61,2,1,3576,1000334,2551,40,1000,32.532,30749.6
ta62,0,1,3588,1000212,2558,40,1000,32.558,30721.3
ta62,1,1,3500,1000065,2551,40,1000,35.379,28267.5
ta62,2,1,3627,1000334,2551,40,1000,35.223,28400.0
